customer_id,issue
C00011,เบอร์ซ้ำ
C00055,เบอร์ซ้ำ
C00068,เบอร์ซ้ำ
C00076,เบอร์ซ้ำ
C00125,เบอร์ซ้ำ
C00133,เบอร์ซ้ำ
C00178,เบอร์ซ้ำ
C00197,เบอร์ซ้ำ
C00205,เบอร์ซ้ำ
C00218,เบอร์ซ้ำ
C00229,เบอร์ซ้ำ
C00235,เบอร์ซ้ำ
C00261,เบอร์ซ้ำ
C00320,เบอร์ซ้ำ
C00333,เบอร์ซ้ำ
C00357,เบอร์ซ้ำ
C00370,เบอร์ซ้ำ
C00374,เบอร์ซ้ำ
C00410,เบอร์ซ้ำ
C00460,เบอร์ซ้ำ
C00539,เบอร์ซ้ำ
C00542,เบอร์ซ้ำ
C00578,เบอร์ซ้ำ
C00604,เบอร์ซ้ำ
C00615,เบอร์ซ้ำ
C00656,เบอร์ซ้ำ
C00765,เบอร์ซ้ำ
C00769,เบอร์ซ้ำ
C00824,เบอร์ซ้ำ
C00847,เบอร์ซ้ำ
C00862,เบอร์ซ้ำ
C00884,เบอร์ซ้ำ
C00917,เบอร์ซ้ำ
C00943,เบอร์ซ้ำ
C00972,เบอร์ซ้ำ
C01024,เบอร์ซ้ำ
C01115,เบอร์ซ้ำ
C01116,เบอร์ซ้ำ
C01152,เบอร์ซ้ำ
C01163,เบอร์ซ้ำ
C01167,เบอร์ซ้ำ
C01190,เบอร์ซ้ำ
C01213,เบอร์ซ้ำ
C01236,เบอร์ซ้ำ
C01239,เบอร์ซ้ำ
C01255,เบอร์ซ้ำ
C01307,เบอร์ซ้ำ
C01316,เบอร์ซ้ำ
C01322,เบอร์ซ้ำ
C01329,เบอร์ซ้ำ
C01406,เบอร์ซ้ำ
C01428,เบอร์ซ้ำ
C01443,เบอร์ซ้ำ
C01457,เบอร์ซ้ำ
C01460,เบอร์ซ้ำ
C01477,เบอร์ซ้ำ
C01482,เบอร์ซ้ำ
C01536,เบอร์ซ้ำ
C01546,เบอร์ซ้ำ
C01623,เบอร์ซ้ำ
C01635,เบอร์ซ้ำ
C01707,เบอร์ซ้ำ
C01741,เบอร์ซ้ำ
C01758,เบอร์ซ้ำ
C01878,เบอร์ซ้ำ
C01883,เบอร์ซ้ำ
C01893,เบอร์ซ้ำ
C01907,เบอร์ซ้ำ
C01930,เบอร์ซ้ำ
C01948,เบอร์ซ้ำ
C02010,เบอร์ซ้ำ
C02060,เบอร์ซ้ำ
C02081,เบอร์ซ้ำ
C02119,เบอร์ซ้ำ
C02179,เบอร์ซ้ำ
C02192,เบอร์ซ้ำ
C02207,เบอร์ซ้ำ
C02248,เบอร์ซ้ำ
C02262,เบอร์ซ้ำ
C02282,เบอร์ซ้ำ
C02287,เบอร์ซ้ำ
C02390,เบอร์ซ้ำ
C02443,เบอร์ซ้ำ
C02487,เบอร์ซ้ำ
C02537,เบอร์ซ้ำ
C02550,เบอร์ซ้ำ
C02559,เบอร์ซ้ำ
C02575,เบอร์ซ้ำ
C02643,เบอร์ซ้ำ
C02765,เบอร์ซ้ำ
C02807,เบอร์ซ้ำ
C02820,เบอร์ซ้ำ
C02843,เบอร์ซ้ำ
C02844,เบอร์ซ้ำ
C02895,เบอร์ซ้ำ
C02896,เบอร์ซ้ำ
C02928,เบอร์ซ้ำ
C02953,เบอร์ซ้ำ
C02975,เบอร์ซ้ำ
C00068,โปรไฟล์ซ้ำ
C00168,โปรไฟล์ซ้ำ
C00365,โปรไฟล์ซ้ำ
C00591,โปรไฟล์ซ้ำ
C00695,โปรไฟล์ซ้ำ
C01126,โปรไฟล์ซ้ำ
C01216,โปรไฟล์ซ้ำ
C01376,โปรไฟล์ซ้ำ
C01437,โปรไฟล์ซ้ำ
C01719,โปรไฟล์ซ้ำ
C02007,โปรไฟล์ซ้ำ
C02035,โปรไฟล์ซ้ำ
C02083,โปรไฟล์ซ้ำ
C02137,โปรไฟล์ซ้ำ
C02150,โปรไฟล์ซ้ำ
C02190,โปรไฟล์ซ้ำ
C02288,โปรไฟล์ซ้ำ
C02788,โปรไฟล์ซ้ำ
C00013,อายุต่ำกว่า 18
C00038,อายุต่ำกว่า 18
C00048,อายุต่ำกว่า 18
C00051,อายุต่ำกว่า 18
C00074,อายุต่ำกว่า 18
C00078,อายุต่ำกว่า 18
C00124,อายุต่ำกว่า 18
C00136,อายุต่ำกว่า 18
C00215,อายุต่ำกว่า 18
C00226,อายุต่ำกว่า 18
C00263,อายุต่ำกว่า 18
C00266,อายุต่ำกว่า 18
C00274,อายุต่ำกว่า 18
C00377,อายุต่ำกว่า 18
C00378,อายุต่ำกว่า 18
C00432,อายุต่ำกว่า 18
C00437,อายุต่ำกว่า 18
C00446,อายุต่ำกว่า 18
C00447,อายุต่ำกว่า 18
C00461,อายุต่ำกว่า 18
C00494,อายุต่ำกว่า 18
C00532,อายุต่ำกว่า 18
C00539,อายุต่ำกว่า 18
C00613,อายุต่ำกว่า 18
C00627,อายุต่ำกว่า 18
C00636,อายุต่ำกว่า 18
C00671,อายุต่ำกว่า 18
C00676,อายุต่ำกว่า 18
C00817,อายุต่ำกว่า 18
C00850,อายุต่ำกว่า 18
C00873,อายุต่ำกว่า 18
C00927,อายุต่ำกว่า 18
C00928,อายุต่ำกว่า 18
C00938,อายุต่ำกว่า 18
C00952,อายุต่ำกว่า 18
C00997,อายุต่ำกว่า 18
C01000,อายุต่ำกว่า 18
C01004,อายุต่ำกว่า 18
C01037,อายุต่ำกว่า 18
C01101,อายุต่ำกว่า 18
C01136,อายุต่ำกว่า 18
C01148,อายุต่ำกว่า 18
C01177,อายุต่ำกว่า 18
C01187,อายุต่ำกว่า 18
C01189,อายุต่ำกว่า 18
C01226,อายุต่ำกว่า 18
C01228,อายุต่ำกว่า 18
C01251,อายุต่ำกว่า 18
C01281,อายุต่ำกว่า 18
C01288,อายุต่ำกว่า 18
C01372,อายุต่ำกว่า 18
C01404,อายุต่ำกว่า 18
C01435,อายุต่ำกว่า 18
C01445,อายุต่ำกว่า 18
C01488,อายุต่ำกว่า 18
C01500,อายุต่ำกว่า 18
C01545,อายุต่ำกว่า 18
C01561,อายุต่ำกว่า 18
C01563,อายุต่ำกว่า 18
C01573,อายุต่ำกว่า 18
C01589,อายุต่ำกว่า 18
C01618,อายุต่ำกว่า 18
C01625,อายุต่ำกว่า 18
C01632,อายุต่ำกว่า 18
C01636,อายุต่ำกว่า 18
C01685,อายุต่ำกว่า 18
C01702,อายุต่ำกว่า 18
C01716,อายุต่ำกว่า 18
C01732,อายุต่ำกว่า 18
C01735,อายุต่ำกว่า 18
C01737,อายุต่ำกว่า 18
C01825,อายุต่ำกว่า 18
C01841,อายุต่ำกว่า 18
C01872,อายุต่ำกว่า 18
C01971,อายุต่ำกว่า 18
C02019,อายุต่ำกว่า 18
C02023,อายุต่ำกว่า 18
C02025,อายุต่ำกว่า 18
C02076,อายุต่ำกว่า 18
C02087,อายุต่ำกว่า 18
C02101,อายุต่ำกว่า 18
C02116,อายุต่ำกว่า 18
C02165,อายุต่ำกว่า 18
C02202,อายุต่ำกว่า 18
C02214,อายุต่ำกว่า 18
C02274,อายุต่ำกว่า 18
C02285,อายุต่ำกว่า 18
C02302,อายุต่ำกว่า 18
C02403,อายุต่ำกว่า 18
C02408,อายุต่ำกว่า 18
C02432,อายุต่ำกว่า 18
C02437,อายุต่ำกว่า 18
C02439,อายุต่ำกว่า 18
C02463,อายุต่ำกว่า 18
C02477,อายุต่ำกว่า 18
C02505,อายุต่ำกว่า 18
C02607,อายุต่ำกว่า 18
C02612,อายุต่ำกว่า 18
C02644,อายุต่ำกว่า 18
C02649,อายุต่ำกว่า 18
C02719,อายุต่ำกว่า 18
C02746,อายุต่ำกว่า 18
C02797,อายุต่ำกว่า 18
C02858,อายุต่ำกว่า 18
C02872,อายุต่ำกว่า 18
C02874,อายุต่ำกว่า 18
C02925,อายุต่ำกว่า 18
C02927,อายุต่ำกว่า 18
C02931,อายุต่ำกว่า 18
C02933,อายุต่ำกว่า 18
C02952,อายุต่ำกว่า 18
C02989,อายุต่ำกว่า 18
C02998,อายุต่ำกว่า 18
